Bevoelkerung nach Geschlecht - Wiener Gemeindebezirk | Population by sex - Vienna districts;;;;;;;;
NUTS1;NUTS2;NUTS3;DISTRICT_CODE;SUB_DISTRICT_CODE;POP_TOTAL;POP_MEN;POP_WOMEN;REF_DATE
AT1;AT13;AT130;90100;.;68079;.;.;18691231
AT1;AT13;AT130;90200;.;68442;.;.;18691231
AT1;AT13;AT130;90300;.;88678;.;.;18691231
AT1;AT13;AT130;90400;.;55682;.;.;18691231
AT1;AT13;AT130;90500;.;54010;.;.;18691231
AT1;AT13;AT130;90600;.;67642;.;.;18691231
AT1;AT13;AT130;90700;.;80043;.;.;18691231
AT1;AT13;AT130;90800;.;53012;.;.;18691231
AT1;AT13;AT130;90900;.;65910;.;.;18691231
AT1;AT13;AT130;91000;.;22340;.;.;18691231
AT1;AT13;AT130;91100;.;12848;.;.;18691231
AT1;AT13;AT130;91200;.;30589;.;.;18691231
AT1;AT13;AT130;91300;.;9808;.;.;18691231
AT1;AT13;AT130;91400;.;12397;.;.;18691231
AT1;AT13;AT130;91500;.;64042;.;.;18691231
AT1;AT13;AT130;91600;.;31383;.;.;18691231
AT1;AT13;AT130;91700;.;34793;.;.;18691231
AT1;AT13;AT130;91800;.;17879;.;.;18691231
AT1;AT13;AT130;91900;.;17924;.;.;18691231
AT1;AT13;AT130;92000;.;15922;.;.;18691231
AT1;AT13;AT130;92100;.;12022;.;.;18691231
AT1;AT13;AT130;92200;.;3608;.;.;18691231
AT1;AT13;AT130;92300;.;13945;.;.;18691231
AT1;AT13;AT130;90100;.;72688;.;.;18801231
AT1;AT13;AT130;90200;.;100513;.;.;18801231
AT1;AT13;AT130;90300;.;96523;.;.;18801231
AT1;AT13;AT130;90400;.;58336;.;.;18801231
AT1;AT13;AT130;90500;.;67018;.;.;18801231
AT1;AT13;AT130;90600;.;64535;.;.;18801231
AT1;AT13;AT130;90700;.;78143;.;.;18801231
AT1;AT13;AT130;90800;.;50354;.;.;18801231
AT1;AT13;AT130;90900;.;73740;.;.;18801231
AT1;AT13;AT130;91000;.;54681;.;.;18801231
AT1;AT13;AT130;91100;.;21720;.;.;18801231
AT1;AT13;AT130;91200;.;47358;.;.;18801231
AT1;AT13;AT130;91300;.;11585;.;.;18801231
AT1;AT13;AT130;91400;.;20298;.;.;18801231
AT1;AT13;AT130;91500;.;86323;.;.;18801231
AT1;AT13;AT130;91600;.;63074;.;.;18801231
AT1;AT13;AT130;91700;.;63038;.;.;18801231
AT1;AT13;AT130;91800;.;43543;.;.;18801231
AT1;AT13;AT130;91900;.;24018;.;.;18801231
AT1;AT13;AT130;92000;.;17250;.;.;18801231
AT1;AT13;AT130;92100;.;23632;.;.;18801231
AT1;AT13;AT130;92200;.;6281;.;.;18801231
AT1;AT13;AT130;92300;.;17940;.;.;18801231
AT1;AT13;AT130;90100;.;70167;.;.;18901231
AT1;AT13;AT130;90200;.;119119;.;.;18901231
AT1;AT13;AT130;90300;.;117869;.;.;18901231
AT1;AT13;AT130;90400;.;59464;.;.;18901231
AT1;AT13;AT130;90500;.;84031;.;.;18901231
AT1;AT13;AT130;90600;.;64323;.;.;18901231
AT1;AT13;AT130;90700;.;74000;.;.;18901231
AT1;AT13;AT130;90800;.;49622;.;.;18901231
AT1;AT13;AT130;90900;.;87150;.;.;18901231
AT1;AT13;AT130;91000;.;88230;.;.;18901231
AT1;AT13;AT130;91100;.;27591;.;.;18901231
AT1;AT13;AT130;91200;.;57782;.;.;18901231
AT1;AT13;AT130;91300;.;14520;.;.;18901231
AT1;AT13;AT130;91400;.;29510;.;.;18901231
AT1;AT13;AT130;91500;.;103959;.;.;18901231
AT1;AT13;AT130;91600;.;106892;.;.;18901231
AT1;AT13;AT130;91700;.;74696;.;.;18901231
AT1;AT13;AT130;91800;.;68067;.;.;18901231
AT1;AT13;AT130;91900;.;32738;.;.;18901231
AT1;AT13;AT130;92000;.;37524;.;.;18901231
AT1;AT13;AT130;92100;.;31937;.;.;18901231
AT1;AT13;AT130;92200;.;8724;.;.;18901231
AT1;AT13;AT130;92300;.;22298;.;.;18901231
AT1;AT13;AT130;90100;.;58736;.;.;19001231
AT1;AT13;AT130;90200;.;142190;.;.;19001231
AT1;AT13;AT130;90300;.;147215;.;.;19001231
AT1;AT13;AT130;90400;.;60359;.;.;19001231
AT1;AT13;AT130;90500;.;107810;.;.;19001231
AT1;AT13;AT130;90600;.;62212;.;.;19001231
AT1;AT13;AT130;90700;.;72550;.;.;19001231
AT1;AT13;AT130;90800;.;50897;.;.;19001231
AT1;AT13;AT130;90900;.;101382;.;.;19001231
AT1;AT13;AT130;91000;.;133009;.;.;19001231
AT1;AT13;AT130;91100;.;34731;.;.;19001231
AT1;AT13;AT130;91200;.;72354;.;.;19001231
AT1;AT13;AT130;91300;.;20095;.;.;19001231
AT1;AT13;AT130;91400;.;46795;.;.;19001231
AT1;AT13;AT130;91500;.;132830;.;.;19001231
AT1;AT13;AT130;91600;.;150049;.;.;19001231
AT1;AT13;AT130;91700;.;90457;.;.;19001231
AT1;AT13;AT130;91800;.;84801;.;.;19001231
AT1;AT13;AT130;91900;.;38366;.;.;19001231
AT1;AT13;AT130;92000;.;71445;.;.;19001231
AT1;AT13;AT130;92100;.;45633;.;.;19001231
AT1;AT13;AT130;92200;.;15602;.;.;19001231
AT1;AT13;AT130;92300;.;29619;.;.;19001231
AT1;AT13;AT130;90100;.;53326;.;.;19101231
AT1;AT13;AT130;90200;.;162442;.;.;19101231
AT1;AT13;AT130;90300;.;166981;.;.;19101231
AT1;AT13;AT130;90400;.;62938;.;.;19101231
AT1;AT13;AT130;90500;.;105551;.;.;19101231
AT1;AT13;AT130;90600;.;64670;.;.;19101231
AT1;AT13;AT130;90700;.;76447;.;.;19101231
AT1;AT13;AT130;90800;.;53804;.;.;19101231
AT1;AT13;AT130;90900;.;112042;.;.;19101231
AT1;AT13;AT130;91000;.;159241;.;.;19101231
AT1;AT13;AT130;91100;.;43111;.;.;19101231
AT1;AT13;AT130;91200;.;106531;.;.;19101231
AT1;AT13;AT130;91300;.;34883;.;.;19101231
AT1;AT13;AT130;91400;.;84925;.;.;19101231
AT1;AT13;AT130;91500;.;145694;.;.;19101231
AT1;AT13;AT130;91600;.;179045;.;.;19101231
AT1;AT13;AT130;91700;.;103305;.;.;19101231
AT1;AT13;AT130;91800;.;87658;.;.;19101231
AT1;AT13;AT130;91900;.;52676;.;.;19101231
AT1;AT13;AT130;92000;.;101326;.;.;19101231
AT1;AT13;AT130;92100;.;62154;.;.;19101231
AT1;AT13;AT130;92200;.;26833;.;.;19101231
AT1;AT13;AT130;92300;.;38047;.;.;19101231
AT1;AT13;AT130;90100;.;43045;.;.;19230307
AT1;AT13;AT130;90200;.;144019;.;.;19230307
AT1;AT13;AT130;90300;.;147169;.;.;19230307
AT1;AT13;AT130;90400;.;57635;.;.;19230307
AT1;AT13;AT130;90500;.;89887;.;.;19230307
AT1;AT13;AT130;90600;.;54540;.;.;19230307
AT1;AT13;AT130;90700;.;62989;.;.;19230307
AT1;AT13;AT130;90800;.;50106;.;.;19230307
AT1;AT13;AT130;90900;.;94623;.;.;19230307
AT1;AT13;AT130;91000;.;150403;.;.;19230307
AT1;AT13;AT130;91100;.;40472;.;.;19230307
AT1;AT13;AT130;91200;.;97534;.;.;19230307
AT1;AT13;AT130;91300;.;39231;.;.;19230307
AT1;AT13;AT130;91400;.;89308;.;.;19230307
AT1;AT13;AT130;91500;.;137509;.;.;19230307
AT1;AT13;AT130;91600;.;155599;.;.;19230307
AT1;AT13;AT130;91700;.;88715;.;.;19230307
AT1;AT13;AT130;91800;.;83122;.;.;19230307
AT1;AT13;AT130;91900;.;57327;.;.;19230307
AT1;AT13;AT130;92000;.;97403;.;.;19230307
AT1;AT13;AT130;92100;.;68303;.;.;19230307
AT1;AT13;AT130;92200;.;33717;.;.;19230307
AT1;AT13;AT130;92300;.;36064;.;.;19230307
AT1;AT13;AT130;90100;.;39963;.;.;19340322
AT1;AT13;AT130;90200;.;135655;.;.;19340322
AT1;AT13;AT130;90300;.;145963;.;.;19340322
AT1;AT13;AT130;90400;.;53063;.;.;19340322
AT1;AT13;AT130;90500;.;87767;.;.;19340322
AT1;AT13;AT130;90600;.;49785;.;.;19340322
AT1;AT13;AT130;90700;.;58571;.;.;19340322
AT1;AT13;AT130;90800;.;44321;.;.;19340322
AT1;AT13;AT130;90900;.;83407;.;.;19340322
AT1;AT13;AT130;91000;.;166486;.;.;19340322
AT1;AT13;AT130;91100;.;44258;.;.;19340322
AT1;AT13;AT130;91200;.;109538;.;.;19340322
AT1;AT13;AT130;91300;.;44157;.;.;19340322
AT1;AT13;AT130;91400;.;98123;.;.;19340322
AT1;AT13;AT130;91500;.;130448;.;.;19340322
AT1;AT13;AT130;91600;.;150379;.;.;19340322
AT1;AT13;AT130;91700;.;84493;.;.;19340322
AT1;AT13;AT130;91800;.;79775;.;.;19340322
AT1;AT13;AT130;91900;.;60927;.;.;19340322
AT1;AT13;AT130;92000;.;98021;.;.;19340322
AT1;AT13;AT130;92100;.;89848;.;.;19340322
AT1;AT13;AT130;92200;.;41194;.;.;19340322
AT1;AT13;AT130;92300;.;39739;.;.;19340322
AT1;AT13;AT130;90100;.;33027;.;.;19390517
AT1;AT13;AT130;90200;.;120201;.;.;19390517
AT1;AT13;AT130;90300;.;128908;.;.;19390517
AT1;AT13;AT130;90400;.;47610;.;.;19390517
AT1;AT13;AT130;90500;.;79349;.;.;19390517
AT1;AT13;AT130;90600;.;44866;.;.;19390517
AT1;AT13;AT130;90700;.;51441;.;.;19390517
AT1;AT13;AT130;90800;.;40120;.;.;19390517
AT1;AT13;AT130;90900;.;72109;.;.;19390517
AT1;AT13;AT130;91000;.;144296;.;.;19390517
AT1;AT13;AT130;91100;.;50694;.;.;19390517
AT1;AT13;AT130;91200;.;99305;.;.;19390517
AT1;AT13;AT130;91300;.;45813;.;.;19390517
AT1;AT13;AT130;91400;.;93425;.;.;19390517
AT1;AT13;AT130;91500;.;115863;.;.;19390517
AT1;AT13;AT130;91600;.;133855;.;.;19390517
AT1;AT13;AT130;91700;.;74853;.;.;19390517
AT1;AT13;AT130;91800;.;71902;.;.;19390517
AT1;AT13;AT130;91900;.;58492;.;.;19390517
AT1;AT13;AT130;92000;.;86146;.;.;19390517
AT1;AT13;AT130;92100;.;82733;.;.;19390517
AT1;AT13;AT130;92200;.;56805;.;.;19390517
AT1;AT13;AT130;92300;.;39125;.;.;19390517
AT1;AT13;AT130;90100;.;34654;.;.;19510601
AT1;AT13;AT130;90200;.;106809;.;.;19510601
AT1;AT13;AT130;90300;.;117948;.;.;19510601
AT1;AT13;AT130;90400;.;45132;.;.;19510601
AT1;AT13;AT130;90500;.;71627;.;.;19510601
AT1;AT13;AT130;90600;.;46372;.;.;19510601
AT1;AT13;AT130;90700;.;53183;.;.;19510601
AT1;AT13;AT130;90800;.;40475;.;.;19510601
AT1;AT13;AT130;90900;.;74731;.;.;19510601
AT1;AT13;AT130;91000;.;115324;.;.;19510601
AT1;AT13;AT130;91100;.;43317;.;.;19510601
AT1;AT13;AT130;91200;.;83743;.;.;19510601
AT1;AT13;AT130;91300;.;46995;.;.;19510601
AT1;AT13;AT130;91400;.;83319;.;.;19510601
AT1;AT13;AT130;91500;.;106127;.;.;19510601
AT1;AT13;AT130;91600;.;117962;.;.;19510601
AT1;AT13;AT130;91700;.;69423;.;.;19510601
AT1;AT13;AT130;91800;.;70153;.;.;19510601
AT1;AT13;AT130;91900;.;57727;.;.;19510601
AT1;AT13;AT130;92000;.;72855;.;.;19510601
AT1;AT13;AT130;92100;.;68204;.;.;19510601
AT1;AT13;AT130;92200;.;53098;.;.;19510601
AT1;AT13;AT130;92300;.;36947;.;.;19510601
AT1;AT13;AT130;90100;.;32243;14026;18217;19610321
AT1;AT13;AT130;90200;.;108144;48622;59522;19610321
AT1;AT13;AT130;90300;.;114795;48948;65847;19610321
AT1;AT13;AT130;90400;.;46441;19808;26633;19610321
AT1;AT13;AT130;90500;.;69548;29428;40120;19610321
AT1;AT13;AT130;90600;.;41216;17425;23791;19610321
AT1;AT13;AT130;90700;.;45544;19058;26486;19610321
AT1;AT13;AT130;90800;.;36027;15344;20683;19610321
AT1;AT13;AT130;90900;.;64929;27482;37447;19610321
AT1;AT13;AT130;91000;.;134761;60250;74511;19610321
AT1;AT13;AT130;91100;.;48367;22031;26336;19610321
AT1;AT13;AT130;91200;.;89854;38962;50892;19610321
AT1;AT13;AT130;91300;.;54191;22891;31300;19610321
AT1;AT13;AT130;91400;.;86656;37624;49032;19610321
AT1;AT13;AT130;91500;.;94100;39457;54643;19610321
AT1;AT13;AT130;91600;.;110809;47297;63512;19610321
AT1;AT13;AT130;91700;.;63252;27273;35979;19610321
AT1;AT13;AT130;91800;.;65109;26926;38183;19610321
AT1;AT13;AT130;91900;.;66171;28750;37421;19610321
AT1;AT13;AT130;92000;.;75671;33913;41758;19610321
AT1;AT13;AT130;92100;.;80708;36850;43858;19610321
AT1;AT13;AT130;92200;.;57268;26703;30565;19610321
AT1;AT13;AT130;92300;.;41762;18695;23067;19610321
AT1;AT13;AT130;90100;.;25169;10926;14243;19710512
AT1;AT13;AT130;90200;.;102730;46180;56550;19710512
AT1;AT13;AT130;90300;.;102025;43942;58065;19710512
AT1;AT13;AT130;90400;.;39619;17034;22585;19710512
AT1;AT13;AT130;90500;.;60529;25969;34560;19710512
AT1;AT13;AT130;90600;.;33633;14284;19349;19710512
AT1;AT13;AT130;90700;.;36255;15345;20910;19710512
AT1;AT13;AT130;90800;.;30151;13042;17109;19710512
AT1;AT13;AT130;90900;.;54788;23416;31372;19710512
AT1;AT13;AT130;91000;.;153695;70011;83684;19710512
AT1;AT13;AT130;91100;.;57738;26752;31004;19710512
AT1;AT13;AT130;91200;.;85500;37389;48105;19710512
AT1;AT13;AT130;91300;.;57068;24176;32892;19710512
AT1;AT13;AT130;91400;.;81310;35582;45728;19710512
AT1;AT13;AT130;91500;.;78981;33380;45601;19710512
AT1;AT13;AT130;91600;.;101017;43438;57579;19710512
AT1;AT13;AT130;91700;.;55282;24021;31261;19710512
AT1;AT13;AT130;91800;.;59487;25059;34428;19710512
AT1;AT13;AT130;91900;.;72387;31854;40533;19710512
AT1;AT13;AT130;92000;.;81647;37066;44581;19710512
AT1;AT13;AT130;92100;.;105510;49254;56256;19710512
AT1;AT13;AT130;92200;.;80200;38074;42126;19710512
AT1;AT13;AT130;92300;.;65164;30707;34463;19710512
AT1;AT13;AT130;90100;.;19537;8350;11187;19810512
AT1;AT13;AT130;90200;.;95892;43757;52135;19810512
AT1;AT13;AT130;90300;.;85879;37138;48741;19810512
AT1;AT13;AT130;90400;.;31800;13722;18078;19810512
AT1;AT13;AT130;90500;.;52436;22852;29584;19810512
AT1;AT13;AT130;90600;.;28771;12430;16341;19810512
AT1;AT13;AT130;90700;.;29490;12661;16829;19810512
AT1;AT13;AT130;90800;.;24769;10686;14083;19810512
AT1;AT13;AT130;90900;.;45314;19380;25934;19810512
AT1;AT13;AT130;91000;.;147101;67104;79997;19810512
AT1;AT13;AT130;91100;.;66034;30964;35070;19810512
AT1;AT13;AT130;91200;.;79404;35032;44372;19810512
AT1;AT13;AT130;91300;.;55331;23437;31894;19810512
AT1;AT13;AT130;91400;.;78992;34684;44308;19810512
AT1;AT13;AT130;91500;.;70066;30687;39379;19810512
AT1;AT13;AT130;91600;.;88591;38857;49734;19810512
AT1;AT13;AT130;91700;.;49126;21562;27564;19810512
AT1;AT13;AT130;91800;.;52759;22489;30270;19810512
AT1;AT13;AT130;91900;.;67522;29799;37723;19810512
AT1;AT13;AT130;92000;.;73696;33777;39919;19810512
AT1;AT13;AT130;92100;.;116033;54060;61973;19810512
AT1;AT13;AT130;92200;.;99801;47455;52346;19810512
AT1;AT13;AT130;92300;.;73002;34061;38941;19810512
AT1;AT13;AT130;90100;.;18002;8092;9910;19910515
AT1;AT13;AT130;90200;.;93542;44835;48707;19910515
AT1;AT13;AT130;90300;.;84336;38663;45673;19910515
AT1;AT13;AT130;90400;.;31410;14052;17358;19910515
AT1;AT13;AT130;90500;.;51521;23832;27689;19910515
AT1;AT13;AT130;90600;.;30298;14036;16262;19910515
AT1;AT13;AT130;90700;.;30396;13735;16661;19910515
AT1;AT13;AT130;90800;.;23850;10969;12881;19910515
AT1;AT13;AT130;90900;.;40416;17833;22583;19910515
AT1;AT13;AT130;91000;.;147636;69534;78102;19910515
AT1;AT13;AT130;91100;.;67045;32140;34905;19910515
AT1;AT13;AT130;91200;.;79610;36704;42906;19910515
AT1;AT13;AT130;91300;.;54909;23687;31222;19910515
AT1;AT13;AT130;91400;.;80820;36929;43891;19910515
AT1;AT13;AT130;91500;.;69309;32383;36926;19910515
AT1;AT13;AT130;91600;.;88933;41407;47526;19910515
AT1;AT13;AT130;91700;.;50944;23707;27237;19910515
AT1;AT13;AT130;91800;.;49761;21929;27832;19910515
AT1;AT13;AT130;91900;.;67377;30046;37331;19910515
AT1;AT13;AT130;92000;.;71876;34206;37670;19910515
AT1;AT13;AT130;92100;.;119415;56422;62993;19910515
AT1;AT13;AT130;92200;.;106589;50892;55697;19910515
AT1;AT13;AT130;92300;.;81853;38492;43361;19910515
AT1;AT13;AT130;90100;.;17056;7970;9086;20010515
AT1;AT13;AT130;90200;.;90914;44267;46647;20010515
AT1;AT13;AT130;90300;.;81281;38113;43168;20010515
AT1;AT13;AT130;90400;.;28354;13018;15336;20010515
AT1;AT13;AT130;90500;.;49111;23394;25717;20010515
AT1;AT13;AT130;90600;.;27867;13121;14746;20010515
AT1;AT13;AT130;90700;.;28292;13245;15047;20010515
AT1;AT13;AT130;90800;.;22572;10689;11883;20010515
AT1;AT13;AT130;90900;.;37816;17595;20221;20010515
AT1;AT13;AT130;91000;.;150636;71858;78778;20010515
AT1;AT13;AT130;91100;.;76899;37137;39762;20010515
AT1;AT13;AT130;91200;.;78268;36657;41611;20010515
AT1;AT13;AT130;91300;.;49574;21952;27622;20010515
AT1;AT13;AT130;91400;.;78169;36181;41988;20010515
AT1;AT13;AT130;91500;.;64895;31279;33616;20010515
AT1;AT13;AT130;91600;.;86129;40942;45187;20010515
AT1;AT13;AT130;91700;.;47610;22451;25159;20010515
AT1;AT13;AT130;91800;.;44992;20385;24607;20010515
AT1;AT13;AT130;91900;.;64030;28678;35352;20010515
AT1;AT13;AT130;92000;.;76268;37074;39194;20010515
AT1;AT13;AT130;92100;.;128228;60661;67567;20010515
AT1;AT13;AT130;92200;.;136444;65159;71285;20010515
AT1;AT13;AT130;92300;.;84718;39518;45200;20010515
AT1;AT13;AT130;90100;.;17630;8316;9314;20020101
AT1;AT13;AT130;90200;.;89016;43170;45846;20020101
AT1;AT13;AT130;90300;.;82227;38743;43484;20020101
AT1;AT13;AT130;90400;.;28975;13378;15597;20020101
AT1;AT13;AT130;90500;.;49785;23821;25964;20020101
AT1;AT13;AT130;90600;.;28525;13551;14974;20020101
AT1;AT13;AT130;90700;.;28912;13698;15214;20020101
AT1;AT13;AT130;90800;.;22219;10390;11829;20020101
AT1;AT13;AT130;90900;.;38290;17913;20377;20020101
AT1;AT13;AT130;91000;.;152796;73103;79693;20020101
AT1;AT13;AT130;91100;.;78785;38151;40634;20020101
AT1;AT13;AT130;91200;.;78971;37114;41857;20020101
AT1;AT13;AT130;91300;.;50341;22388;27953;20020101
AT1;AT13;AT130;91400;.;79142;36766;42376;20020101
AT1;AT13;AT130;91500;.;67482;33026;34456;20020101
AT1;AT13;AT130;91600;.;87914;42080;45834;20020101
AT1;AT13;AT130;91700;.;48827;23166;25661;20020101
AT1;AT13;AT130;91800;.;45505;20732;24773;20020101
AT1;AT13;AT130;91900;.;65327;29329;35998;20020101
AT1;AT13;AT130;92000;.;76837;37437;39400;20020101
AT1;AT13;AT130;92100;.;129726;61444;68282;20020101
AT1;AT13;AT130;92200;.;138100;65973;72127;20020101
AT1;AT13;AT130;92300;.;85791;40048;45743;20020101
AT1;AT13;AT130;90100;.;17541;8270;9271;20030101
AT1;AT13;AT130;90200;.;89954;43717;46237;20030101
AT1;AT13;AT130;90300;.;82297;38896;43401;20030101
AT1;AT13;AT130;90400;.;29348;13622;15726;20030101
AT1;AT13;AT130;90500;.;50367;24169;26198;20030101
AT1;AT13;AT130;90600;.;28805;13763;15042;20030101
AT1;AT13;AT130;90700;.;28968;13738;15230;20030101
AT1;AT13;AT130;90800;.;23156;11102;12054;20030101
AT1;AT13;AT130;90900;.;38304;17974;20330;20030101
AT1;AT13;AT130;91000;.;156349;75247;81102;20030101
AT1;AT13;AT130;91100;.;80485;38941;41544;20030101
AT1;AT13;AT130;91200;.;80270;37863;42407;20030101
AT1;AT13;AT130;91300;.;50797;22706;28091;20030101
AT1;AT13;AT130;91400;.;80185;37550;42635;20030101
AT1;AT13;AT130;91500;.;67976;33260;34716;20030101
AT1;AT13;AT130;91600;.;89153;42785;46368;20030101
AT1;AT13;AT130;91700;.;49428;23555;25873;20030101
AT1;AT13;AT130;91800;.;45872;20961;24911;20030101
AT1;AT13;AT130;91900;.;66017;29593;36424;20030101
AT1;AT13;AT130;92000;.;78792;38595;40197;20030101
AT1;AT13;AT130;92100;.;131892;62583;69309;20030101
AT1;AT13;AT130;92200;.;140404;67124;73280;20030101
AT1;AT13;AT130;92300;.;86486;40401;46085;20030101
AT1;AT13;AT130;90100;.;17384;8241;9143;20040101
AT1;AT13;AT130;90200;.;90837;44158;46679;20040101
AT1;AT13;AT130;90300;.;83019;39327;43692;20040101
AT1;AT13;AT130;90400;.;29394;13630;15764;20040101
AT1;AT13;AT130;90500;.;51098;24664;26434;20040101
AT1;AT13;AT130;90600;.;28891;13783;15108;20040101
AT1;AT13;AT130;90700;.;29012;13771;15241;20040101
AT1;AT13;AT130;90800;.;23309;11204;12105;20040101
AT1;AT13;AT130;90900;.;38865;18364;20501;20040101
AT1;AT13;AT130;91000;.;159105;76489;82616;20040101
AT1;AT13;AT130;91100;.;81369;39484;41885;20040101
AT1;AT13;AT130;91200;.;82178;38962;43216;20040101
AT1;AT13;AT130;91300;.;50896;22736;28160;20040101
AT1;AT13;AT130;91400;.;80505;37650;42855;20040101
AT1;AT13;AT130;91500;.;68760;33730;35030;20040101
AT1;AT13;AT130;91600;.;89822;43167;46655;20040101
AT1;AT13;AT130;91700;.;50278;23976;26302;20040101
AT1;AT13;AT130;91800;.;46309;21286;25023;20040101
AT1;AT13;AT130;91900;.;66437;29828;36609;20040101
AT1;AT13;AT130;92000;.;79441;38816;40625;20040101
AT1;AT13;AT130;92100;.;133801;63746;70055;20040101
AT1;AT13;AT130;92200;.;142620;68197;74423;20040101
AT1;AT13;AT130;92300;.;87080;40706;46374;20040101
AT1;AT13;AT130;90100;.;17294;8197;9097;20050101
AT1;AT13;AT130;90200;.;91364;44498;46866;20050101
AT1;AT13;AT130;90300;.;83827;39843;43984;20050101
AT1;AT13;AT130;90400;.;29573;13782;15791;20050101
AT1;AT13;AT130;90500;.;51882;25144;26738;20050101
AT1;AT13;AT130;90600;.;29012;13879;15133;20050101
AT1;AT13;AT130;90700;.;29161;13894;15267;20050101
AT1;AT13;AT130;90800;.;23588;11347;12241;20050101
AT1;AT13;AT130;90900;.;39472;18778;20694;20050101
AT1;AT13;AT130;91000;.;163695;78896;84799;20050101
AT1;AT13;AT130;91100;.;82429;40024;42405;20050101
AT1;AT13;AT130;91200;.;83372;39675;43697;20050101
AT1;AT13;AT130;91300;.;51316;22943;28373;20050101
AT1;AT13;AT130;91400;.;81785;38299;43486;20050101
AT1;AT13;AT130;91500;.;69467;34114;35353;20050101
AT1;AT13;AT130;91600;.;91997;44514;47483;20050101
AT1;AT13;AT130;91700;.;51316;24711;26605;20050101
AT1;AT13;AT130;91800;.;46921;21618;25303;20050101
AT1;AT13;AT130;91900;.;66900;30079;36821;20050101
AT1;AT13;AT130;92000;.;80758;39554;41204;20050101
AT1;AT13;AT130;92100;.;134904;64256;70648;20050101
AT1;AT13;AT130;92200;.;144820;69300;75520;20050101
AT1;AT13;AT130;92300;.;87716;40981;46735;20050101
AT1;AT13;AT130;90100;.;17285;8250;9035;20060101
AT1;AT13;AT130;90200;.;92170;44965;47205;20060101
AT1;AT13;AT130;90300;.;84208;40129;44079;20060101
AT1;AT13;AT130;90400;.;30126;14097;16029;20060101
AT1;AT13;AT130;90500;.;52534;25523;27011;20060101
AT1;AT13;AT130;90600;.;29369;14084;15285;20060101
AT1;AT13;AT130;90700;.;30416;14798;15618;20060101
AT1;AT13;AT130;90800;.;23597;11347;12250;20060101
AT1;AT13;AT130;90900;.;39264;18656;20608;20060101
AT1;AT13;AT130;91000;.;167238;80801;86437;20060101
AT1;AT13;AT130;91100;.;82722;40126;42596;20060101
AT1;AT13;AT130;91200;.;84240;40203;44037;20060101
AT1;AT13;AT130;91300;.;51356;23027;28329;20060101
AT1;AT13;AT130;91400;.;82829;38767;44062;20060101
AT1;AT13;AT130;91500;.;70235;34527;35708;20060101
AT1;AT13;AT130;91600;.;93817;45403;48414;20060101
AT1;AT13;AT130;91700;.;52480;25329;27151;20060101
AT1;AT13;AT130;91800;.;47291;21867;25424;20060101
AT1;AT13;AT130;91900;.;67389;30411;36978;20060101
AT1;AT13;AT130;92000;.;81288;39818;41470;20060101
AT1;AT13;AT130;92100;.;136625;65110;71515;20060101
AT1;AT13;AT130;92200;.;146892;70336;76556;20060101
AT1;AT13;AT130;92300;.;89078;41554;47524;20060101
AT1;AT13;AT130;90100;.;17147;8200;8947;20070101
AT1;AT13;AT130;90200;.;93313;45813;47500;20070101
AT1;AT13;AT130;90300;.;83919;39827;44092;20070101
AT1;AT13;AT130;90400;.;30189;14088;16101;20070101
AT1;AT13;AT130;90500;.;52286;25440;26846;20070101
AT1;AT13;AT130;90600;.;29463;14135;15328;20070101
AT1;AT13;AT130;90700;.;29955;14232;15723;20070101
AT1;AT13;AT130;90800;.;23613;11390;12223;20070101
AT1;AT13;AT130;90900;.;39160;18589;20571;20070101
AT1;AT13;AT130;91000;.;169413;81852;87561;20070101
AT1;AT13;AT130;91100;.;82903;40286;42617;20070101
AT1;AT13;AT130;91200;.;85011;40668;44343;20070101
AT1;AT13;AT130;91300;.;51304;22949;28355;20070101
AT1;AT13;AT130;91400;.;83246;39064;44182;20070101
AT1;AT13;AT130;91500;.;70228;34551;35677;20070101
AT1;AT13;AT130;91600;.;93877;45340;48537;20070101
AT1;AT13;AT130;91700;.;52626;25416;27210;20070101
AT1;AT13;AT130;91800;.;47333;21905;25428;20070101
AT1;AT13;AT130;91900;.;67832;30675;37157;20070101
AT1;AT13;AT130;92000;.;81719;39960;41759;20070101
AT1;AT13;AT130;92100;.;137335;65585;71750;20070101
AT1;AT13;AT130;92200;.;149083;71284;77799;20070101
AT1;AT13;AT130;92300;.;90291;42150;48141;20070101
AT1;AT13;AT130;90100;.;16976;8133;8843;20080101
AT1;AT13;AT130;90200;.;93463;45974;47489;20080101
AT1;AT13;AT130;90300;.;83050;39291;43759;20080101
AT1;AT13;AT130;90400;.;30262;14154;16108;20080101
AT1;AT13;AT130;90500;.;52434;25409;27025;20080101
AT1;AT13;AT130;90600;.;29430;14118;15312;20080101
AT1;AT13;AT130;90700;.;30054;14176;15878;20080101
AT1;AT13;AT130;90800;.;23703;11409;12294;20080101
AT1;AT13;AT130;90900;.;39466;18674;20792;20080101
AT1;AT13;AT130;91000;.;171113;82621;88492;20080101
AT1;AT13;AT130;91100;.;85834;41785;44049;20080101
AT1;AT13;AT130;91200;.;85736;41045;44691;20080101
AT1;AT13;AT130;91300;.;51127;22911;28216;20080101
AT1;AT13;AT130;91400;.;83751;39417;44334;20080101
AT1;AT13;AT130;91500;.;70291;34659;35632;20080101
AT1;AT13;AT130;91600;.;94193;45554;48639;20080101
AT1;AT13;AT130;91700;.;52414;25281;27133;20080101
AT1;AT13;AT130;91800;.;47478;21982;25496;20080101
AT1;AT13;AT130;91900;.;67961;30763;37198;20080101
AT1;AT13;AT130;92000;.;81648;39861;41787;20080101
AT1;AT13;AT130;92100;.;138678;66249;72429;20080101
AT1;AT13;AT130;92200;.;150967;72197;78770;20080101
AT1;AT13;AT130;92300;.;91192;42640;48552;20080101
AT1;AT13;AT130;90100;.;16623;8000;8623;20090101
AT1;AT13;AT130;90200;.;93822;46206;47616;20090101
AT1;AT13;AT130;90300;.;82979;39171;43808;20090101
AT1;AT13;AT130;90400;.;30348;14259;16089;20090101
AT1;AT13;AT130;90500;.;52288;25376;26912;20090101
AT1;AT13;AT130;90600;.;29197;13997;15200;20090101
AT1;AT13;AT130;90700;.;29878;14067;15811;20090101
AT1;AT13;AT130;90800;.;23639;11368;12271;20090101
AT1;AT13;AT130;90900;.;39167;18522;20645;20090101
AT1;AT13;AT130;91000;.;173227;83691;89536;20090101
AT1;AT13;AT130;91100;.;87966;42890;45076;20090101
AT1;AT13;AT130;91200;.;86950;41636;45314;20090101
AT1;AT13;AT130;91300;.;50981;22955;28026;20090101
AT1;AT13;AT130;91400;.;83980;39571;44409;20090101
AT1;AT13;AT130;91500;.;70600;34739;35861;20090101
AT1;AT13;AT130;91600;.;94526;45774;48752;20090101
AT1;AT13;AT130;91700;.;52253;25258;26995;20090101
AT1;AT13;AT130;91800;.;47619;22093;25526;20090101
AT1;AT13;AT130;91900;.;67837;30814;37023;20090101
AT1;AT13;AT130;92000;.;81986;40051;41935;20090101
AT1;AT13;AT130;92100;.;139498;66687;72811;20090101
AT1;AT13;AT130;92200;.;153148;73333;79815;20090101
AT1;AT13;AT130;92300;.;91623;42879;48744;20090101
AT1;AT13;AT130;90100;.;16525;7926;8599;20100101
AT1;AT13;AT130;90200;.;94735;46633;48102;20100101
AT1;AT13;AT130;90300;.;83061;39292;43769;20100101
AT1;AT13;AT130;90400;.;30331;14246;16085;20100101
AT1;AT13;AT130;90500;.;52354;25394;26960;20100101
AT1;AT13;AT130;90600;.;29323;14132;15191;20100101
AT1;AT13;AT130;90700;.;30069;14234;15835;20100101
AT1;AT13;AT130;90800;.;23435;11351;12084;20100101
AT1;AT13;AT130;90900;.;39344;18663;20681;20100101
AT1;AT13;AT130;91000;.;174749;84463;90286;20100101
AT1;AT13;AT130;91100;.;89461;43592;45869;20100101
AT1;AT13;AT130;91200;.;87462;41895;45567;20100101
AT1;AT13;AT130;91300;.;51015;23051;27964;20100101
AT1;AT13;AT130;91400;.;84090;39734;44356;20100101
AT1;AT13;AT130;91500;.;70830;34871;35959;20100101
AT1;AT13;AT130;91600;.;94816;45980;48836;20100101
AT1;AT13;AT130;91700;.;52328;25238;27090;20100101
AT1;AT13;AT130;91800;.;47693;22056;25637;20100101
AT1;AT13;AT130;91900;.;67865;30953;36912;20100101
AT1;AT13;AT130;92000;.;82083;40092;41991;20100101
AT1;AT13;AT130;92100;.;140647;67201;73446;20100101
AT1;AT13;AT130;92200;.;155527;74455;81072;20100101
AT1;AT13;AT130;92300;.;92252;43229;49023;20100101
AT1;AT13;AT130;90100;.;16385;7835;8550;20110101
AT1;AT13;AT130;90200;.;95302;46797;48505;20110101
AT1;AT13;AT130;90300;.;83955;39765;44190;20110101
AT1;AT13;AT130;90400;.;30541;14335;16206;20110101
AT1;AT13;AT130;90500;.;52753;25774;26979;20110101
AT1;AT13;AT130;90600;.;29308;14075;15233;20110101
AT1;AT13;AT130;90700;.;30062;14175;15887;20110101
AT1;AT13;AT130;90800;.;23379;11302;12077;20110101
AT1;AT13;AT130;90900;.;39315;18642;20673;20110101
AT1;AT13;AT130;91000;.;176558;85504;91054;20110101
AT1;AT13;AT130;91100;.;90394;44071;46323;20110101
AT1;AT13;AT130;91200;.;88023;42163;45860;20110101
AT1;AT13;AT130;91300;.;50966;23074;27892;20110101
AT1;AT13;AT130;91400;.;84566;40007;44559;20110101
AT1;AT13;AT130;91500;.;71491;35303;36188;20110101
AT1;AT13;AT130;91600;.;94951;46068;48883;20110101
AT1;AT13;AT130;91700;.;52293;25255;27038;20110101
AT1;AT13;AT130;91800;.;47575;21966;25609;20110101
AT1;AT13;AT130;91900;.;68079;31121;36958;20110101
AT1;AT13;AT130;92000;.;82969;40624;42345;20110101
AT1;AT13;AT130;92100;.;142199;67981;74218;20110101
AT1;AT13;AT130;92200;.;158417;75889;82528;20110101
AT1;AT13;AT130;92300;.;93374;43760;49614;20110101
AT1;AT13;AT130;90100;.;16290;7799;8491;20120101
AT1;AT13;AT130;90200;.;96582;47534;49048;20120101
AT1;AT13;AT130;90300;.;84574;40162;44412;20120101
AT1;AT13;AT130;90400;.;30724;14464;16260;20120101
AT1;AT13;AT130;90500;.;52581;25684;26897;20120101
AT1;AT13;AT130;90600;.;29388;14091;15297;20120101
AT1;AT13;AT130;90700;.;30101;14226;15875;20120101
AT1;AT13;AT130;90800;.;23560;11387;12173;20120101
AT1;AT13;AT130;90900;.;39431;18720;20711;20120101
AT1;AT13;AT130;91000;.;178358;86499;91859;20120101
AT1;AT13;AT130;91100;.;91223;44451;46772;20120101
AT1;AT13;AT130;91200;.;88515;42363;46152;20120101
AT1;AT13;AT130;91300;.;50650;22978;27672;20120101
AT1;AT13;AT130;91400;.;84973;40304;44669;20120101
AT1;AT13;AT130;91500;.;71651;35429;36222;20120101
AT1;AT13;AT130;91600;.;95704;46623;49081;20120101
AT1;AT13;AT130;91700;.;52647;25414;27233;20120101
AT1;AT13;AT130;91800;.;47632;21930;25702;20120101
AT1;AT13;AT130;91900;.;68460;31405;37055;20120101
AT1;AT13;AT130;92000;.;83351;40802;42549;20120101
AT1;AT13;AT130;92100;.;144263;69099;75164;20120101
AT1;AT13;AT130;92200;.;161957;77612;84345;20120101
AT1;AT13;AT130;92300;.;94469;44357;50112;20120101
AT1;AT13;AT130;90100;.;16268;7784;8484;20130101
AT1;AT13;AT130;90200;.;96866;47189;49677;20130101
AT1;AT13;AT130;90300;.;85508;40482;45026;20130101
AT1;AT13;AT130;90400;.;30989;14584;16405;20130101
AT1;AT13;AT130;90500;.;53071;25989;27082;20130101
AT1;AT13;AT130;90600;.;30117;14534;15583;20130101
AT1;AT13;AT130;90700;.;30309;14393;15916;20130101
AT1;AT13;AT130;90800;.;23930;11631;12299;20130101
AT1;AT13;AT130;90900;.;39968;19018;20950;20130101
AT1;AT13;AT130;91000;.;182595;89401;93194;20130101
AT1;AT13;AT130;91100;.;92274;44930;47344;20130101
AT1;AT13;AT130;91200;.;89616;42972;46644;20130101
AT1;AT13;AT130;91300;.;50831;23173;27658;20130101
AT1;AT13;AT130;91400;.;86248;41039;45209;20130101
AT1;AT13;AT130;91500;.;73527;36356;37171;20130101
AT1;AT13;AT130;91600;.;97565;47645;49920;20130101
AT1;AT13;AT130;91700;.;53489;25924;27565;20130101
AT1;AT13;AT130;91800;.;48162;22164;25998;20130101
AT1;AT13;AT130;91900;.;68892;31669;37223;20130101
AT1;AT13;AT130;92000;.;83977;41107;42870;20130101
AT1;AT13;AT130;92100;.;146516;70250;76266;20130101
AT1;AT13;AT130;92200;.;165265;79115;86150;20130101
AT1;AT13;AT130;92300;.;95263;44767;50496;20130101
AT1;AT13;AT130;90100;.;16131;7726;8405;20140101
AT1;AT13;AT130;90200;.;99597;48650;50947;20140101
AT1;AT13;AT130;90300;.;86454;41085;45369;20140101
AT1;AT13;AT130;90400;.;31452;14903;16549;20140101
AT1;AT13;AT130;90500;.;53610;26299;27311;20140101
AT1;AT13;AT130;90600;.;30613;14833;15780;20140101
AT1;AT13;AT130;90700;.;30792;14703;16089;20140101
AT1;AT13;AT130;90800;.;24279;11855;12424;20140101
AT1;AT13;AT130;90900;.;40528;19286;21242;20140101
AT1;AT13;AT130;91000;.;186450;91638;94812;20140101
AT1;AT13;AT130;91100;.;93440;45541;47899;20140101
AT1;AT13;AT130;91200;.;90874;43752;47122;20140101
AT1;AT13;AT130;91300;.;51275;23505;27770;20140101
AT1;AT13;AT130;91400;.;87597;41727;45870;20140101
AT1;AT13;AT130;91500;.;74791;37220;37571;20140101
AT1;AT13;AT130;91600;.;99094;48451;50643;20140101
AT1;AT13;AT130;91700;.;54422;26528;27894;20140101
AT1;AT13;AT130;91800;.;48365;22208;26157;20140101
AT1;AT13;AT130;91900;.;69242;31849;37393;20140101
AT1;AT13;AT130;92000;.;84305;41200;43105;20140101
AT1;AT13;AT130;92100;.;148947;71633;77314;20140101
AT1;AT13;AT130;92200;.;168394;80684;87710;20140101
AT1;AT13;AT130;92300;.;96094;45320;50774;20140101
AT1;AT13;AT130;90100;.;16339;7789;8550;20150101
AT1;AT13;AT130;90200;.;101702;49928;51774;20150101
AT1;AT13;AT130;90300;.;88125;42001;46124;20150101
AT1;AT13;AT130;90400;.;31691;15076;16615;20150101
AT1;AT13;AT130;90500;.;54246;26653;27593;20150101
AT1;AT13;AT130;90600;.;31000;15061;15939;20150101
AT1;AT13;AT130;90700;.;31291;14987;16304;20150101
AT1;AT13;AT130;90800;.;24518;12066;12452;20150101
AT1;AT13;AT130;90900;.;40882;19492;21390;20150101
AT1;AT13;AT130;91000;.;189713;93274;96439;20150101
AT1;AT13;AT130;91100;.;95198;46570;48628;20150101
AT1;AT13;AT130;91200;.;92229;44580;47649;20150101
AT1;AT13;AT130;91300;.;52115;23969;28146;20150101
AT1;AT13;AT130;91400;.;89303;42745;46558;20150101
AT1;AT13;AT130;91500;.;76320;38060;38260;20150101
AT1;AT13;AT130;91600;.;100738;49544;51194;20150101
AT1;AT13;AT130;91700;.;55628;27187;28441;20150101
AT1;AT13;AT130;91800;.;49178;22697;26481;20150101
AT1;AT13;AT130;91900;.;69999;32386;37613;20150101
AT1;AT13;AT130;92000;.;85525;42012;43513;20150101
AT1;AT13;AT130;92100;.;151844;73009;78835;20150101
AT1;AT13;AT130;92200;.;172978;82782;90196;20150101
AT1;AT13;AT130;92300;.;96775;45765;51010;20150101
